-- V16__seed_shorts_and_update_media.sql
-- Automatically generated to align local MinIO files with the database schema.

-- Update trailers and video URLs for standard films/series (IDs 1 to 60) to point to local MinIO video files
UPDATE films SET trailer_url = 'http://localhost:9000/cineflow-media/films/video_1.mp4' WHERE id = 1;
UPDATE episodes SET video_url = 'http://localhost:9000/cineflow-media/films/video_1.mp4' WHERE film_id = 1;
UPDATE films SET trailer_url = 'http://localhost:9000/cineflow-media/films/video_2.mp4' WHERE id = 2;
UPDATE episodes SET video_url = 'http://localhost:9000/cineflow-media/films/video_2.mp4' WHERE film_id = 2;
UPDATE films SET trailer_url = 'http://localhost:9000/cineflow-media/films/video_3.mp4' WHERE id = 3;
UPDATE episodes SET video_url = 'http://localhost:9000/cineflow-media/films/video_3.mp4' WHERE film_id = 3;
UPDATE films SET trailer_url = 'http://localhost:9000/cineflow-media/films/video_5.mp4' WHERE id = 4;
UPDATE episodes SET video_url = 'http://localhost:9000/cineflow-media/films/video_5.mp4' WHERE film_id = 4;
UPDATE films SET trailer_url = 'http://localhost:9000/cineflow-media/films/video_7.mp4' WHERE id = 5;
UPDATE episodes SET video_url = 'http://localhost:9000/cineflow-media/films/video_7.mp4' WHERE film_id = 5;
UPDATE films SET trailer_url = 'http://localhost:9000/cineflow-media/films/video_8.mp4' WHERE id = 6;
UPDATE episodes SET video_url = 'http://localhost:9000/cineflow-media/films/video_8.mp4' WHERE film_id = 6;
UPDATE films SET trailer_url = 'http://localhost:9000/cineflow-media/films/video_9.mp4' WHERE id = 7;
UPDATE episodes SET video_url = 'http://localhost:9000/cineflow-media/films/video_9.mp4' WHERE film_id = 7;
UPDATE films SET trailer_url = 'http://localhost:9000/cineflow-media/films/video_10.mp4' WHERE id = 8;
UPDATE episodes SET video_url = 'http://localhost:9000/cineflow-media/films/video_10.mp4' WHERE film_id = 8;
UPDATE films SET trailer_url = 'http://localhost:9000/cineflow-media/films/video_1.mp4' WHERE id = 9;
UPDATE episodes SET video_url = 'http://localhost:9000/cineflow-media/films/video_1.mp4' WHERE film_id = 9;
UPDATE films SET trailer_url = 'http://localhost:9000/cineflow-media/films/video_2.mp4' WHERE id = 10;
UPDATE episodes SET video_url = 'http://localhost:9000/cineflow-media/films/video_2.mp4' WHERE film_id = 10;
UPDATE films SET trailer_url = 'http://localhost:9000/cineflow-media/films/video_3.mp4' WHERE id = 11;
UPDATE episodes SET video_url = 'http://localhost:9000/cineflow-media/films/video_3.mp4' WHERE film_id = 11;
UPDATE films SET trailer_url = 'http://localhost:9000/cineflow-media/films/video_5.mp4' WHERE id = 12;
UPDATE episodes SET video_url = 'http://localhost:9000/cineflow-media/films/video_5.mp4' WHERE film_id = 12;
UPDATE films SET trailer_url = 'http://localhost:9000/cineflow-media/films/video_7.mp4' WHERE id = 13;
UPDATE episodes SET video_url = 'http://localhost:9000/cineflow-media/films/video_7.mp4' WHERE film_id = 13;
UPDATE films SET trailer_url = 'http://localhost:9000/cineflow-media/films/video_8.mp4' WHERE id = 14;
UPDATE episodes SET video_url = 'http://localhost:9000/cineflow-media/films/video_8.mp4' WHERE film_id = 14;
UPDATE films SET trailer_url = 'http://localhost:9000/cineflow-media/films/video_9.mp4' WHERE id = 15;
UPDATE episodes SET video_url = 'http://localhost:9000/cineflow-media/films/video_9.mp4' WHERE film_id = 15;
UPDATE films SET trailer_url = 'http://localhost:9000/cineflow-media/films/video_10.mp4' WHERE id = 16;
UPDATE episodes SET video_url = 'http://localhost:9000/cineflow-media/films/video_10.mp4' WHERE film_id = 16;
UPDATE films SET trailer_url = 'http://localhost:9000/cineflow-media/films/video_1.mp4' WHERE id = 17;
UPDATE episodes SET video_url = 'http://localhost:9000/cineflow-media/films/video_1.mp4' WHERE film_id = 17;
UPDATE films SET trailer_url = 'http://localhost:9000/cineflow-media/films/video_2.mp4' WHERE id = 18;
UPDATE episodes SET video_url = 'http://localhost:9000/cineflow-media/films/video_2.mp4' WHERE film_id = 18;
UPDATE films SET trailer_url = 'http://localhost:9000/cineflow-media/films/video_3.mp4' WHERE id = 19;
UPDATE episodes SET video_url = 'http://localhost:9000/cineflow-media/films/video_3.mp4' WHERE film_id = 19;
UPDATE films SET trailer_url = 'http://localhost:9000/cineflow-media/films/video_5.mp4' WHERE id = 20;
UPDATE episodes SET video_url = 'http://localhost:9000/cineflow-media/films/video_5.mp4' WHERE film_id = 20;
UPDATE films SET trailer_url = 'http://localhost:9000/cineflow-media/films/video_7.mp4' WHERE id = 21;
UPDATE episodes SET video_url = 'http://localhost:9000/cineflow-media/films/video_7.mp4' WHERE film_id = 21;
UPDATE films SET trailer_url = 'http://localhost:9000/cineflow-media/films/video_8.mp4' WHERE id = 22;
UPDATE episodes SET video_url = 'http://localhost:9000/cineflow-media/films/video_8.mp4' WHERE film_id = 22;
UPDATE films SET trailer_url = 'http://localhost:9000/cineflow-media/films/video_9.mp4' WHERE id = 23;
UPDATE episodes SET video_url = 'http://localhost:9000/cineflow-media/films/video_9.mp4' WHERE film_id = 23;
UPDATE films SET trailer_url = 'http://localhost:9000/cineflow-media/films/video_10.mp4' WHERE id = 24;
UPDATE episodes SET video_url = 'http://localhost:9000/cineflow-media/films/video_10.mp4' WHERE film_id = 24;
UPDATE films SET trailer_url = 'http://localhost:9000/cineflow-media/films/video_1.mp4' WHERE id = 25;
UPDATE episodes SET video_url = 'http://localhost:9000/cineflow-media/films/video_1.mp4' WHERE film_id = 25;
UPDATE films SET trailer_url = 'http://localhost:9000/cineflow-media/films/video_2.mp4' WHERE id = 26;
UPDATE episodes SET video_url = 'http://localhost:9000/cineflow-media/films/video_2.mp4' WHERE film_id = 26;
UPDATE films SET trailer_url = 'http://localhost:9000/cineflow-media/films/video_3.mp4' WHERE id = 27;
UPDATE episodes SET video_url = 'http://localhost:9000/cineflow-media/films/video_3.mp4' WHERE film_id = 27;
UPDATE films SET trailer_url = 'http://localhost:9000/cineflow-media/films/video_5.mp4' WHERE id = 28;
UPDATE episodes SET video_url = 'http://localhost:9000/cineflow-media/films/video_5.mp4' WHERE film_id = 28;
UPDATE films SET trailer_url = 'http://localhost:9000/cineflow-media/films/video_7.mp4' WHERE id = 29;
UPDATE episodes SET video_url = 'http://localhost:9000/cineflow-media/films/video_7.mp4' WHERE film_id = 29;
UPDATE films SET trailer_url = 'http://localhost:9000/cineflow-media/films/video_8.mp4' WHERE id = 30;
UPDATE episodes SET video_url = 'http://localhost:9000/cineflow-media/films/video_8.mp4' WHERE film_id = 30;
UPDATE films SET trailer_url = 'http://localhost:9000/cineflow-media/films/video_9.mp4' WHERE id = 31;
UPDATE episodes SET video_url = 'http://localhost:9000/cineflow-media/films/video_9.mp4' WHERE film_id = 31;
UPDATE films SET trailer_url = 'http://localhost:9000/cineflow-media/films/video_10.mp4' WHERE id = 32;
UPDATE episodes SET video_url = 'http://localhost:9000/cineflow-media/films/video_10.mp4' WHERE film_id = 32;
UPDATE films SET trailer_url = 'http://localhost:9000/cineflow-media/films/video_1.mp4' WHERE id = 33;
UPDATE episodes SET video_url = 'http://localhost:9000/cineflow-media/films/video_1.mp4' WHERE film_id = 33;
UPDATE films SET trailer_url = 'http://localhost:9000/cineflow-media/films/video_2.mp4' WHERE id = 34;
UPDATE episodes SET video_url = 'http://localhost:9000/cineflow-media/films/video_2.mp4' WHERE film_id = 34;
UPDATE films SET trailer_url = 'http://localhost:9000/cineflow-media/films/video_3.mp4' WHERE id = 35;
UPDATE episodes SET video_url = 'http://localhost:9000/cineflow-media/films/video_3.mp4' WHERE film_id = 35;
UPDATE films SET trailer_url = 'http://localhost:9000/cineflow-media/films/video_5.mp4' WHERE id = 36;
UPDATE episodes SET video_url = 'http://localhost:9000/cineflow-media/films/video_5.mp4' WHERE film_id = 36;
UPDATE films SET trailer_url = 'http://localhost:9000/cineflow-media/films/video_7.mp4' WHERE id = 37;
UPDATE episodes SET video_url = 'http://localhost:9000/cineflow-media/films/video_7.mp4' WHERE film_id = 37;
UPDATE films SET trailer_url = 'http://localhost:9000/cineflow-media/films/video_8.mp4' WHERE id = 38;
UPDATE episodes SET video_url = 'http://localhost:9000/cineflow-media/films/video_8.mp4' WHERE film_id = 38;
UPDATE films SET trailer_url = 'http://localhost:9000/cineflow-media/films/video_9.mp4' WHERE id = 39;
UPDATE episodes SET video_url = 'http://localhost:9000/cineflow-media/films/video_9.mp4' WHERE film_id = 39;
UPDATE films SET trailer_url = 'http://localhost:9000/cineflow-media/films/video_10.mp4' WHERE id = 40;
UPDATE episodes SET video_url = 'http://localhost:9000/cineflow-media/films/video_10.mp4' WHERE film_id = 40;
UPDATE films SET trailer_url = 'http://localhost:9000/cineflow-media/films/video_1.mp4' WHERE id = 41;
UPDATE episodes SET video_url = 'http://localhost:9000/cineflow-media/films/video_1.mp4' WHERE film_id = 41;
UPDATE films SET trailer_url = 'http://localhost:9000/cineflow-media/films/video_2.mp4' WHERE id = 42;
UPDATE episodes SET video_url = 'http://localhost:9000/cineflow-media/films/video_2.mp4' WHERE film_id = 42;
UPDATE films SET trailer_url = 'http://localhost:9000/cineflow-media/films/video_3.mp4' WHERE id = 43;
UPDATE episodes SET video_url = 'http://localhost:9000/cineflow-media/films/video_3.mp4' WHERE film_id = 43;
UPDATE films SET trailer_url = 'http://localhost:9000/cineflow-media/films/video_5.mp4' WHERE id = 44;
UPDATE episodes SET video_url = 'http://localhost:9000/cineflow-media/films/video_5.mp4' WHERE film_id = 44;
UPDATE films SET trailer_url = 'http://localhost:9000/cineflow-media/films/video_7.mp4' WHERE id = 45;
UPDATE episodes SET video_url = 'http://localhost:9000/cineflow-media/films/video_7.mp4' WHERE film_id = 45;
UPDATE films SET trailer_url = 'http://localhost:9000/cineflow-media/films/video_8.mp4' WHERE id = 46;
UPDATE episodes SET video_url = 'http://localhost:9000/cineflow-media/films/video_8.mp4' WHERE film_id = 46;
UPDATE films SET trailer_url = 'http://localhost:9000/cineflow-media/films/video_9.mp4' WHERE id = 47;
UPDATE episodes SET video_url = 'http://localhost:9000/cineflow-media/films/video_9.mp4' WHERE film_id = 47;
UPDATE films SET trailer_url = 'http://localhost:9000/cineflow-media/films/video_10.mp4' WHERE id = 48;
UPDATE episodes SET video_url = 'http://localhost:9000/cineflow-media/films/video_10.mp4' WHERE film_id = 48;
UPDATE films SET trailer_url = 'http://localhost:9000/cineflow-media/films/video_1.mp4' WHERE id = 49;
UPDATE episodes SET video_url = 'http://localhost:9000/cineflow-media/films/video_1.mp4' WHERE film_id = 49;
UPDATE films SET trailer_url = 'http://localhost:9000/cineflow-media/films/video_2.mp4' WHERE id = 50;
UPDATE episodes SET video_url = 'http://localhost:9000/cineflow-media/films/video_2.mp4' WHERE film_id = 50;
UPDATE films SET trailer_url = 'http://localhost:9000/cineflow-media/films/video_3.mp4' WHERE id = 51;
UPDATE episodes SET video_url = 'http://localhost:9000/cineflow-media/films/video_3.mp4' WHERE film_id = 51;
UPDATE films SET trailer_url = 'http://localhost:9000/cineflow-media/films/video_5.mp4' WHERE id = 52;
UPDATE episodes SET video_url = 'http://localhost:9000/cineflow-media/films/video_5.mp4' WHERE film_id = 52;
UPDATE films SET trailer_url = 'http://localhost:9000/cineflow-media/films/video_7.mp4' WHERE id = 53;
UPDATE episodes SET video_url = 'http://localhost:9000/cineflow-media/films/video_7.mp4' WHERE film_id = 53;
UPDATE films SET trailer_url = 'http://localhost:9000/cineflow-media/films/video_8.mp4' WHERE id = 54;
UPDATE episodes SET video_url = 'http://localhost:9000/cineflow-media/films/video_8.mp4' WHERE film_id = 54;
UPDATE films SET trailer_url = 'http://localhost:9000/cineflow-media/films/video_9.mp4' WHERE id = 55;
UPDATE episodes SET video_url = 'http://localhost:9000/cineflow-media/films/video_9.mp4' WHERE film_id = 55;
UPDATE films SET trailer_url = 'http://localhost:9000/cineflow-media/films/video_10.mp4' WHERE id = 56;
UPDATE episodes SET video_url = 'http://localhost:9000/cineflow-media/films/video_10.mp4' WHERE film_id = 56;
UPDATE films SET trailer_url = 'http://localhost:9000/cineflow-media/films/video_1.mp4' WHERE id = 57;
UPDATE episodes SET video_url = 'http://localhost:9000/cineflow-media/films/video_1.mp4' WHERE film_id = 57;
UPDATE films SET trailer_url = 'http://localhost:9000/cineflow-media/films/video_2.mp4' WHERE id = 58;
UPDATE episodes SET video_url = 'http://localhost:9000/cineflow-media/films/video_2.mp4' WHERE film_id = 58;
UPDATE films SET trailer_url = 'http://localhost:9000/cineflow-media/films/video_3.mp4' WHERE id = 59;
UPDATE episodes SET video_url = 'http://localhost:9000/cineflow-media/films/video_3.mp4' WHERE film_id = 59;
UPDATE films SET trailer_url = 'http://localhost:9000/cineflow-media/films/video_5.mp4' WHERE id = 60;
UPDATE episodes SET video_url = 'http://localhost:9000/cineflow-media/films/video_5.mp4' WHERE film_id = 60;

-- Update sports banners (IDs 100, 101) to point to standard film video (no live stream support)
UPDATE films SET trailer_url = 'http://localhost:9000/cineflow-media/films/video_1.mp4' WHERE id IN (100, 101);
UPDATE episodes SET video_url = 'http://localhost:9000/cineflow-media/films/video_1.mp4' WHERE film_id IN (100, 101);

-- Update sports highlights (IDs 102, 103, 104) to point to highlights folder or fallback
UPDATE films SET trailer_url = 'http://localhost:9000/cineflow-media/highlights/highlight_1.mp4' WHERE id = 102;
UPDATE episodes SET video_url = 'http://localhost:9000/cineflow-media/highlights/highlight_1.mp4' WHERE film_id = 102;
UPDATE films SET trailer_url = 'http://localhost:9000/cineflow-media/highlights/highlight_2.mp4' WHERE id = 103;
UPDATE episodes SET video_url = 'http://localhost:9000/cineflow-media/highlights/highlight_2.mp4' WHERE film_id = 103;
UPDATE films SET trailer_url = 'http://localhost:9000/cineflow-media/highlights/highlight_3.mp4' WHERE id = 104;
UPDATE episodes SET video_url = 'http://localhost:9000/cineflow-media/highlights/highlight_3.mp4' WHERE film_id = 104;

-- Seed mock users to satisfy foreign key constraints for comments and favorites
INSERT INTO users (id, username, email, password, full_name, role) VALUES
('00000000-0000-0000-0000-000000000011', 'giabao', 'giabao@cineflow.com', '$2b$14$8dbR6uskFERVIM6HAVgSEOa/5G6E0Gj7T0hyHuw4u0JURrv.aUB5W', 'Gia Bảo', 'ROLE_USER'),
('00000000-0000-0000-0000-000000000012', 'minhthu', 'minhthu@cineflow.com', '$2b$14$8dbR6uskFERVIM6HAVgSEOa/5G6E0Gj7T0hyHuw4u0JURrv.aUB5W', 'Minh Thư', 'ROLE_USER'),
('00000000-0000-0000-0000-000000000013', 'khanhvy', 'khanhvy@cineflow.com', '$2b$14$8dbR6uskFERVIM6HAVgSEOa/5G6E0Gj7T0hyHuw4u0JURrv.aUB5W', 'Khánh Vy', 'ROLE_USER'),
('00000000-0000-0000-0000-000000000014', 'tuankiet', 'tuankiet@cineflow.com', '$2b$14$8dbR6uskFERVIM6HAVgSEOa/5G6E0Gj7T0hyHuw4u0JURrv.aUB5W', 'Tuấn Kiệt', 'ROLE_USER'),
('00000000-0000-0000-0000-000000000015', 'thuylinh', 'thuylinh@cineflow.com', '$2b$14$8dbR6uskFERVIM6HAVgSEOa/5G6E0Gj7T0hyHuw4u0JURrv.aUB5W', 'Thùy Linh', 'ROLE_USER')
ON CONFLICT DO NOTHING;

-- Clean up existing shorts if any to prevent conflicts
DELETE FROM films WHERE badge = 'SHORT';

-- Seed 9 Portrait Shorts
INSERT INTO films (id, title, description, thumbnail_url, trailer_url, release_year, is_premium, type, badge) VALUES (201, '10 Giây giật mình với phân cảnh phim kinh dị này', 'Khoảnh khắc thót tim khiến người xem khóc thét trong rạp chiếu phim. Bạn có dám xem hết video?', 'http://localhost:9000/cineflow-media/thumbnails/thumb_1.jpg', 'http://localhost:9000/cineflow-media/shorts/short_1.mp4', 2026, FALSE, 'SINGLE', 'SHORT');
INSERT INTO film_categories (film_id, category_id) VALUES (201, 3) ON CONFLICT DO NOTHING;
INSERT INTO episodes (film_id, episode_number, title, video_url, duration, view_count) VALUES (201, 1, '10 Giây giật mình với phân cảnh phim kinh dị này', 'http://localhost:9000/cineflow-media/shorts/short_1.mp4', 30, 0);
INSERT INTO film_comments (film_id, user_id, content, created_at) VALUES (201, '00000000-0000-0000-0000-000000000015', 'Trời ơi đáng yêu xỉu luôn á!', NOW() - interval '10 hours') ON CONFLICT DO NOTHING;
INSERT INTO film_comments (film_id, user_id, content, created_at) VALUES (201, '00000000-0000-0000-0000-000000000012', 'Video này hài hước quá trời ơi! 😂', NOW() - interval '11 hours') ON CONFLICT DO NOTHING;
INSERT INTO favorites (film_id, user_id, added_at) VALUES (201, '00000000-0000-0000-0000-000000000015', NOW() - interval '9 days') ON CONFLICT DO NOTHING;
INSERT INTO favorites (film_id, user_id, added_at) VALUES (201, '00000000-0000-0000-0000-000000000013', NOW() - interval '10 days') ON CONFLICT DO NOTHING;
INSERT INTO favorites (film_id, user_id, added_at) VALUES (201, '00000000-0000-0000-0000-000000000012', NOW() - interval '8 days') ON CONFLICT DO NOTHING;
INSERT INTO favorites (film_id, user_id, added_at) VALUES (201, '00000000-0000-0000-0000-000000000011', NOW() - interval '3 days') ON CONFLICT DO NOTHING;
INSERT INTO favorites (film_id, user_id, added_at) VALUES (201, '00000000-0000-0000-0000-000000000014', NOW() - interval '10 days') ON CONFLICT DO NOTHING;
INSERT INTO films (id, title, description, thumbnail_url, trailer_url, release_year, is_premium, type, badge) VALUES (202, 'Pha xử lý hài hước khó đỡ của boss mèo tinh nghịch', 'Chú mèo cưng quậy phá bung nóc nhà khiến chủ nhân chỉ biết dở khóc dở cười. Xem giải trí cực mạnh!', 'http://localhost:9000/cineflow-media/thumbnails/thumb_2.jpg', 'http://localhost:9000/cineflow-media/shorts/short_2.mp4', 2026, FALSE, 'SINGLE', 'SHORT');
INSERT INTO film_categories (film_id, category_id) VALUES (202, 4) ON CONFLICT DO NOTHING;
INSERT INTO episodes (film_id, episode_number, title, video_url, duration, view_count) VALUES (202, 1, 'Pha xử lý hài hước khó đỡ của boss mèo tinh nghịch', 'http://localhost:9000/cineflow-media/shorts/short_2.mp4', 30, 0);
INSERT INTO film_comments (film_id, user_id, content, created_at) VALUES (202, '00000000-0000-0000-0000-000000000015', 'Tym mạnh cho video chất lượng thế này!', NOW() - interval '2 hours') ON CONFLICT DO NOTHING;
INSERT INTO film_comments (film_id, user_id, content, created_at) VALUES (202, '00000000-0000-0000-0000-000000000013', 'Nhìn cưng quá trời luôn, ước gì có một con như vậy.', NOW() - interval '14 hours') ON CONFLICT DO NOTHING;
INSERT INTO film_comments (film_id, user_id, content, created_at) VALUES (202, '00000000-0000-0000-0000-000000000014', 'Trời ơi đáng yêu xỉu luôn á!', NOW() - interval '15 hours') ON CONFLICT DO NOTHING;
INSERT INTO favorites (film_id, user_id, added_at) VALUES (202, '00000000-0000-0000-0000-000000000002', NOW() - interval '4 days') ON CONFLICT DO NOTHING;
INSERT INTO favorites (film_id, user_id, added_at) VALUES (202, '00000000-0000-0000-0000-000000000014', NOW() - interval '8 days') ON CONFLICT DO NOTHING;
INSERT INTO favorites (film_id, user_id, added_at) VALUES (202, '00000000-0000-0000-0000-000000000012', NOW() - interval '10 days') ON CONFLICT DO NOTHING;
INSERT INTO favorites (film_id, user_id, added_at) VALUES (202, '00000000-0000-0000-0000-000000000015', NOW() - interval '9 days') ON CONFLICT DO NOTHING;
INSERT INTO films (id, title, description, thumbnail_url, trailer_url, release_year, is_premium, type, badge) VALUES (203, 'Bí kíp làm món cà phê muối chuẩn vị tại nhà', 'Hướng dẫn chi tiết công thức pha chế cà phê muối béo ngậy cực kỳ đơn giản mà ai cũng có thể làm được.', 'http://localhost:9000/cineflow-media/thumbnails/thumb_3.jpg', 'http://localhost:9000/cineflow-media/shorts/short_3.mp4', 2026, FALSE, 'SINGLE', 'SHORT');
INSERT INTO film_categories (film_id, category_id) VALUES (203, 7) ON CONFLICT DO NOTHING;
INSERT INTO episodes (film_id, episode_number, title, video_url, duration, view_count) VALUES (203, 1, 'Bí kíp làm món cà phê muối chuẩn vị tại nhà', 'http://localhost:9000/cineflow-media/shorts/short_3.mp4', 30, 0);
INSERT INTO film_comments (film_id, user_id, content, created_at) VALUES (203, '00000000-0000-0000-0000-000000000002', 'Nhìn cưng quá trời luôn, ước gì có một con như vậy.', NOW() - interval '1 hours') ON CONFLICT DO NOTHING;
INSERT INTO film_comments (film_id, user_id, content, created_at) VALUES (203, '00000000-0000-0000-0000-000000000013', 'Tym mạnh cho video chất lượng thế này!', NOW() - interval '20 hours') ON CONFLICT DO NOTHING;
INSERT INTO favorites (film_id, user_id, added_at) VALUES (203, '00000000-0000-0000-0000-000000000014', NOW() - interval '6 days') ON CONFLICT DO NOTHING;
INSERT INTO favorites (film_id, user_id, added_at) VALUES (203, '00000000-0000-0000-0000-000000000011', NOW() - interval '2 days') ON CONFLICT DO NOTHING;
INSERT INTO favorites (film_id, user_id, added_at) VALUES (203, '00000000-0000-0000-0000-000000000002', NOW() - interval '3 days') ON CONFLICT DO NOTHING;
INSERT INTO favorites (film_id, user_id, added_at) VALUES (203, '00000000-0000-0000-0000-000000000013', NOW() - interval '2 days') ON CONFLICT DO NOTHING;
INSERT INTO films (id, title, description, thumbnail_url, trailer_url, release_year, is_premium, type, badge) VALUES (204, 'Học lập trình Android trong 60 giây', 'Lộ trình tự học lập trình ứng dụng di động Android nhanh gọn cho người mới bắt đầu.', 'http://localhost:9000/cineflow-media/thumbnails/thumb_4.jpg', 'http://localhost:9000/cineflow-media/shorts/short_4.mp4', 2026, FALSE, 'SINGLE', 'SHORT');
INSERT INTO film_categories (film_id, category_id) VALUES (204, 7) ON CONFLICT DO NOTHING;
INSERT INTO episodes (film_id, episode_number, title, video_url, duration, view_count) VALUES (204, 1, 'Học lập trình Android trong 60 giây', 'http://localhost:9000/cineflow-media/shorts/short_4.mp4', 30, 0);
INSERT INTO film_comments (film_id, user_id, content, created_at) VALUES (204, '00000000-0000-0000-0000-000000000002', 'Nội dung bánh cuốn thật sự, xin info bản nhạc nền nha.', NOW() - interval '11 hours') ON CONFLICT DO NOTHING;
INSERT INTO film_comments (film_id, user_id, content, created_at) VALUES (204, '00000000-0000-0000-0000-000000000014', 'Trời ơi đáng yêu xỉu luôn á!', NOW() - interval '4 hours') ON CONFLICT DO NOTHING;
INSERT INTO film_comments (film_id, user_id, content, created_at) VALUES (204, '00000000-0000-0000-0000-000000000011', '10 điểm không có nhưng luôn nha chủ thớt.', NOW() - interval '23 hours') ON CONFLICT DO NOTHING;
INSERT INTO favorites (film_id, user_id, added_at) VALUES (204, '00000000-0000-0000-0000-000000000011', NOW() - interval '2 days') ON CONFLICT DO NOTHING;
INSERT INTO favorites (film_id, user_id, added_at) VALUES (204, '00000000-0000-0000-0000-000000000012', NOW() - interval '8 days') ON CONFLICT DO NOTHING;
INSERT INTO favorites (film_id, user_id, added_at) VALUES (204, '00000000-0000-0000-0000-000000000013', NOW() - interval '9 days') ON CONFLICT DO NOTHING;
INSERT INTO favorites (film_id, user_id, added_at) VALUES (204, '00000000-0000-0000-0000-000000000002', NOW() - interval '6 days') ON CONFLICT DO NOTHING;
INSERT INTO favorites (film_id, user_id, added_at) VALUES (204, '00000000-0000-0000-0000-000000000015', NOW() - interval '3 days') ON CONFLICT DO NOTHING;
INSERT INTO films (id, title, description, thumbnail_url, trailer_url, release_year, is_premium, type, badge) VALUES (205, 'Cận cảnh bàn thắng đẹp mắt của siêu sao bóng đá', 'Cú sút phạt thần sầu đưa bóng đi thẳng vào góc chữ A trong sự ngỡ ngàng của thủ môn đối phương.', 'http://localhost:9000/cineflow-media/thumbnails/thumb_5.jpg', 'http://localhost:9000/cineflow-media/shorts/short_5.mp4', 2026, FALSE, 'SINGLE', 'SHORT');
INSERT INTO film_categories (film_id, category_id) VALUES (205, 8) ON CONFLICT DO NOTHING;
INSERT INTO episodes (film_id, episode_number, title, video_url, duration, view_count) VALUES (205, 1, 'Cận cảnh bàn thắng đẹp mắt của siêu sao bóng đá', 'http://localhost:9000/cineflow-media/shorts/short_5.mp4', 30, 0);
INSERT INTO film_comments (film_id, user_id, content, created_at) VALUES (205, '00000000-0000-0000-0000-000000000013', '10 điểm không có nhưng luôn nha chủ thớt.', NOW() - interval '4 hours') ON CONFLICT DO NOTHING;
INSERT INTO film_comments (film_id, user_id, content, created_at) VALUES (205, '00000000-0000-0000-0000-000000000002', 'Tym mạnh cho video chất lượng thế này!', NOW() - interval '7 hours') ON CONFLICT DO NOTHING;
INSERT INTO film_comments (film_id, user_id, content, created_at) VALUES (205, '00000000-0000-0000-0000-000000000015', 'Nội dung bánh cuốn thật sự, xin info bản nhạc nền nha.', NOW() - interval '24 hours') ON CONFLICT DO NOTHING;
INSERT INTO favorites (film_id, user_id, added_at) VALUES (205, '00000000-0000-0000-0000-000000000011', NOW() - interval '1 days') ON CONFLICT DO NOTHING;
INSERT INTO favorites (film_id, user_id, added_at) VALUES (205, '00000000-0000-0000-0000-000000000015', NOW() - interval '9 days') ON CONFLICT DO NOTHING;
INSERT INTO favorites (film_id, user_id, added_at) VALUES (205, '00000000-0000-0000-0000-000000000012', NOW() - interval '5 days') ON CONFLICT DO NOTHING;
INSERT INTO films (id, title, description, thumbnail_url, trailer_url, release_year, is_premium, type, badge) VALUES (206, 'Mẹo chụp ảnh hoàng hôn bằng điện thoại cực nghệ', 'Chỉ với vài thao tác chỉnh tay đơn giản trên điện thoại, bạn sẽ có ngay bức ảnh hoàng hôn triệu tim.', 'http://localhost:9000/cineflow-media/thumbnails/thumb_6.jpg', 'http://localhost:9000/cineflow-media/shorts/short_6.mp4', 2026, FALSE, 'SINGLE', 'SHORT');
INSERT INTO film_categories (film_id, category_id) VALUES (206, 7) ON CONFLICT DO NOTHING;
INSERT INTO episodes (film_id, episode_number, title, video_url, duration, view_count) VALUES (206, 1, 'Mẹo chụp ảnh hoàng hôn bằng điện thoại cực nghệ', 'http://localhost:9000/cineflow-media/shorts/short_6.mp4', 30, 0);
INSERT INTO film_comments (film_id, user_id, content, created_at) VALUES (206, '00000000-0000-0000-0000-000000000002', 'Tym mạnh cho video chất lượng thế này!', NOW() - interval '8 hours') ON CONFLICT DO NOTHING;
INSERT INTO film_comments (film_id, user_id, content, created_at) VALUES (206, '00000000-0000-0000-0000-000000000012', 'Nội dung bánh cuốn thật sự, xin info bản nhạc nền nha.', NOW() - interval '8 hours') ON CONFLICT DO NOTHING;
INSERT INTO favorites (film_id, user_id, added_at) VALUES (206, '00000000-0000-0000-0000-000000000012', NOW() - interval '9 days') ON CONFLICT DO NOTHING;
INSERT INTO favorites (film_id, user_id, added_at) VALUES (206, '00000000-0000-0000-0000-000000000015', NOW() - interval '4 days') ON CONFLICT DO NOTHING;
INSERT INTO favorites (film_id, user_id, added_at) VALUES (206, '00000000-0000-0000-0000-000000000011', NOW() - interval '3 days') ON CONFLICT DO NOTHING;
INSERT INTO films (id, title, description, thumbnail_url, trailer_url, release_year, is_premium, type, badge) VALUES (207, 'Trailer phim hành động bom tấn sắp ra mắt', 'Mãn nhãn với những pha rượt đuổi tốc độ cao và đấu súng nghẹt thở của bộ phim sắp đổ bộ phòng vé.', 'http://localhost:9000/cineflow-media/thumbnails/thumb_7.jpg', 'http://localhost:9000/cineflow-media/shorts/short_7.mp4', 2026, FALSE, 'SINGLE', 'SHORT');
INSERT INTO film_categories (film_id, category_id) VALUES (207, 1) ON CONFLICT DO NOTHING;
INSERT INTO episodes (film_id, episode_number, title, video_url, duration, view_count) VALUES (207, 1, 'Trailer phim hành động bom tấn sắp ra mắt', 'http://localhost:9000/cineflow-media/shorts/short_7.mp4', 30, 0);
INSERT INTO film_comments (film_id, user_id, content, created_at) VALUES (207, '00000000-0000-0000-0000-000000000015', 'Nội dung bánh cuốn thật sự, xin info bản nhạc nền nha.', NOW() - interval '23 hours') ON CONFLICT DO NOTHING;
INSERT INTO film_comments (film_id, user_id, content, created_at) VALUES (207, '00000000-0000-0000-0000-000000000014', 'Video này hài hước quá trời ơi! 😂', NOW() - interval '16 hours') ON CONFLICT DO NOTHING;
INSERT INTO film_comments (film_id, user_id, content, created_at) VALUES (207, '00000000-0000-0000-0000-000000000011', 'Mấy kênh làm short dạo này content chất lượng quá.', NOW() - interval '3 hours') ON CONFLICT DO NOTHING;
INSERT INTO film_comments (film_id, user_id, content, created_at) VALUES (207, '00000000-0000-0000-0000-000000000012', 'Xem đi xem lại vẫn thấy cười xỉu.', NOW() - interval '2 hours') ON CONFLICT DO NOTHING;
INSERT INTO favorites (film_id, user_id, added_at) VALUES (207, '00000000-0000-0000-0000-000000000012', NOW() - interval '6 days') ON CONFLICT DO NOTHING;
INSERT INTO favorites (film_id, user_id, added_at) VALUES (207, '00000000-0000-0000-0000-000000000011', NOW() - interval '10 days') ON CONFLICT DO NOTHING;
INSERT INTO favorites (film_id, user_id, added_at) VALUES (207, '00000000-0000-0000-0000-000000000014', NOW() - interval '8 days') ON CONFLICT DO NOTHING;
INSERT INTO favorites (film_id, user_id, added_at) VALUES (207, '00000000-0000-0000-0000-000000000002', NOW() - interval '4 days') ON CONFLICT DO NOTHING;
INSERT INTO films (id, title, description, thumbnail_url, trailer_url, release_year, is_premium, type, badge) VALUES (208, 'Lời tỏ tình ngọt ngào dưới mưa tuyết', 'Phân cảnh lãng mạn đốn tim hàng triệu khán giả trong bộ phim tình cảm hot nhất mùa đông năm nay.', 'http://localhost:9000/cineflow-media/thumbnails/thumb_8.jpg', 'http://localhost:9000/cineflow-media/shorts/short_8.mp4', 2026, FALSE, 'SINGLE', 'SHORT');
INSERT INTO film_categories (film_id, category_id) VALUES (208, 2) ON CONFLICT DO NOTHING;
INSERT INTO episodes (film_id, episode_number, title, video_url, duration, view_count) VALUES (208, 1, 'Lời tỏ tình ngọt ngào dưới mưa tuyết', 'http://localhost:9000/cineflow-media/shorts/short_8.mp4', 30, 0);
INSERT INTO film_comments (film_id, user_id, content, created_at) VALUES (208, '00000000-0000-0000-0000-000000000014', 'Nhìn cưng quá trời luôn, ước gì có một con như vậy.', NOW() - interval '9 hours') ON CONFLICT DO NOTHING;
INSERT INTO film_comments (film_id, user_id, content, created_at) VALUES (208, '00000000-0000-0000-0000-000000000011', 'Có ai lướt trúng video này lúc nửa đêm giống tôi không? Haha', NOW() - interval '22 hours') ON CONFLICT DO NOTHING;
INSERT INTO film_comments (film_id, user_id, content, created_at) VALUES (208, '00000000-0000-0000-0000-000000000002', '10 điểm không có nhưng luôn nha chủ thớt.', NOW() - interval '24 hours') ON CONFLICT DO NOTHING;
INSERT INTO favorites (film_id, user_id, added_at) VALUES (208, '00000000-0000-0000-0000-000000000013', NOW() - interval '4 days') ON CONFLICT DO NOTHING;
INSERT INTO favorites (film_id, user_id, added_at) VALUES (208, '00000000-0000-0000-0000-000000000012', NOW() - interval '5 days') ON CONFLICT DO NOTHING;
INSERT INTO favorites (film_id, user_id, added_at) VALUES (208, '00000000-0000-0000-0000-000000000015', NOW() - interval '9 days') ON CONFLICT DO NOTHING;
INSERT INTO favorites (film_id, user_id, added_at) VALUES (208, '00000000-0000-0000-0000-000000000002', NOW() - interval '3 days') ON CONFLICT DO NOTHING;
INSERT INTO favorites (film_id, user_id, added_at) VALUES (208, '00000000-0000-0000-0000-000000000014', NOW() - interval '7 days') ON CONFLICT DO NOTHING;
INSERT INTO films (id, title, description, thumbnail_url, trailer_url, release_year, is_premium, type, badge) VALUES (209, 'Một ngày trải nghiệm cắm trại tự túc tại Đà Lạt', 'Hành trình trốn thành phố tìm về bình yên bên đồi thông lộng gió và săn mây buổi sớm.', 'http://localhost:9000/cineflow-media/thumbnails/thumb_9.jpg', 'http://localhost:9000/cineflow-media/shorts/short_9.mp4', 2026, FALSE, 'SINGLE', 'SHORT');
INSERT INTO film_categories (film_id, category_id) VALUES (209, 7) ON CONFLICT DO NOTHING;
INSERT INTO episodes (film_id, episode_number, title, video_url, duration, view_count) VALUES (209, 1, 'Một ngày trải nghiệm cắm trại tự túc tại Đà Lạt', 'http://localhost:9000/cineflow-media/shorts/short_9.mp4', 30, 0);
INSERT INTO film_comments (film_id, user_id, content, created_at) VALUES (209, '00000000-0000-0000-0000-000000000015', 'Có ai lướt trúng video này lúc nửa đêm giống tôi không? Haha', NOW() - interval '12 hours') ON CONFLICT DO NOTHING;
INSERT INTO film_comments (film_id, user_id, content, created_at) VALUES (209, '00000000-0000-0000-0000-000000000002', 'Xem đi xem lại vẫn thấy cười xỉu.', NOW() - interval '6 hours') ON CONFLICT DO NOTHING;
INSERT INTO film_comments (film_id, user_id, content, created_at) VALUES (209, '00000000-0000-0000-0000-000000000011', 'Nội dung bánh cuốn thật sự, xin info bản nhạc nền nha.', NOW() - interval '23 hours') ON CONFLICT DO NOTHING;
INSERT INTO film_comments (film_id, user_id, content, created_at) VALUES (209, '00000000-0000-0000-0000-000000000012', 'Video này hài hước quá trời ơi! 😂', NOW() - interval '8 hours') ON CONFLICT DO NOTHING;
INSERT INTO favorites (film_id, user_id, added_at) VALUES (209, '00000000-0000-0000-0000-000000000012', NOW() - interval '2 days') ON CONFLICT DO NOTHING;
INSERT INTO favorites (film_id, user_id, added_at) VALUES (209, '00000000-0000-0000-0000-000000000011', NOW() - interval '7 days') ON CONFLICT DO NOTHING;
INSERT INTO favorites (film_id, user_id, added_at) VALUES (209, '00000000-0000-0000-0000-000000000014', NOW() - interval '8 days') ON CONFLICT DO NOTHING;
INSERT INTO favorites (film_id, user_id, added_at) VALUES (209, '00000000-0000-0000-0000-000000000013', NOW() - interval '6 days') ON CONFLICT DO NOTHING;

-- Update serial sequences for safety
SELECT setval(pg_get_serial_sequence('films', 'id'), COALESCE(MAX(id), 1)) FROM films;
SELECT setval(pg_get_serial_sequence('episodes', 'id'), COALESCE(MAX(id), 1)) FROM episodes;